SET FOREIGN_KEY_CHECKS = 0;

-- (Optional) dọn data nếu bạn chạy lại nhiều lần
DELETE FROM comments;
DELETE FROM posts;
DELETE FROM answers;
DELETE FROM questions;
DELETE FROM plant_logs;
DELETE FROM water_logs;
DELETE FROM plant_images;
DELETE FROM tank_plants;
DELETE FROM tanks;
DELETE FROM plants;
DELETE FROM users;

SET FOREIGN_KEY_CHECKS = 1;

-- =========================================================
-- USERS
-- password hash dưới đây là bcrypt của chuỗi "password"
-- =========================================================
INSERT INTO users (id, name, email, email_verified_at, password, role, status, avatar, bio, remember_token, created_at, updated_at) VALUES
(1, 'Admin',  'admin@apa.local',          NOW(), '$2y$10$92IXUNpkjO0rOQ5byMi.Ye4oKoEa3Ro9llC/.og/at2.uheWG/igi', 'admin',  'active', NULL, 'System administrator', NULL, NOW(), NOW()),
(2, 'Expert', 'expert@apa.local',         NOW(), '$2y$10$92IXUNpkjO0rOQ5byMi.Ye4oKoEa3Ro9llC/.og/at2.uheWG/igi', 'expert', 'active', NULL, 'Aquascaping expert', NULL, NOW(), NOW()),
(3, 'Alex',   'alex@apa.local',           NOW(), '$2y$10$92IXUNpkjO0rOQ5byMi.Ye4oKoEa3Ro9llC/.og/at2.uheWG/igi', 'user',   'active', NULL, NULL, NULL, NOW(), NOW()),
(4, 'Lan',    'lan@apa.local',            NOW(), '$2y$10$92IXUNpkjO0rOQ5byMi.Ye4oKoEa3Ro9llC/.og/at2.uheWG/igi', 'user',   'active', NULL, NULL, NULL, NOW(), NOW()),
(5, 'Minh',   'minh@apa.local',           NOW(), '$2y$10$92IXUNpkjO0rOQ5byMi.Ye4oKoEa3Ro9llC/.og/at2.uheWG/igi', 'user',   'active', NULL, NULL, NULL, NOW(), NOW()),
(6, 'Admin',  'giathe0901@gmail.com',     NOW(), '$2y$10$DYSvQcb1n.xiJyMVDG9BpO6RTCtOg7mtJ52qwHivJTQMNa6DGTFbO', 'admin',  'active', NULL, 'Admin account', NULL, NOW(), NOW());

-- =========================================================
-- PLANTS (GIỮ NGUYÊN BẢN GỐC BẠN GỬI)
-- =========================================================
INSERT INTO plants (id, name, description, ph_min, ph_max, temp_min, temp_max, light_level, difficulty, image_sample, care_guide, created_at, updated_at) VALUES
(1,  'Micranthemum tweediei Monte Carlo', 'Carpeting plant; compact growth, great for foreground.', 5.5, 7.5, 20, 28, 'high',   'medium', '/plants/micranthemum_tweediei_montecarlo/1.jpg', 'Strong light; CO2 recommended; trim low to encourage spreading.', NOW(), NOW()),
(2,  'Anubias barteri var nana',          'Hardy epiphyte; slow grower for low-light tanks.',      6.0, 8.0, 22, 30, 'low',    'easy',   '/plants/anubias_barteri_var_nana/1.jpg',        'Attach to rock/wood; do not bury rhizome; low light helps avoid algae.', NOW(), NOW()),
(3,  'Rotala rotundifolia',               'Fast-growing stem plant; easy color under strong light.',5.5, 7.5, 20, 28, 'medium', 'easy',   '/plants/rotala_rotundifolia/1.jpg',              'Trim tops and replant; CO2 helps dense growth; keep nutrients stable.', NOW(), NOW()),
(4,  'Alternanthera reineckii Mini',      'Compact red accent plant; needs stable CO2 and light.',  5.5, 7.5, 22, 28, 'high',   'hard',   '/plants/alternanthera_reineckii_mini/1.jpg',     'High light + consistent CO2; dose macros/micros; trim to keep bushy.', NOW(), NOW()),
(5,  'Alternanthera reineckii Red',       'Red stem plant; vibrant with good light and CO2.',       5.5, 7.5, 22, 28, 'high',   'hard',   '/plants/alternanthera_reineckii_red/1.jpg',      'High light; CO2 strongly recommended; maintain NO3/PO4 and iron.', NOW(), NOW()),
(6,  'Alternanthera reineckii Red Ruby',  'Deep red variant; demanding but striking.',              5.5, 7.5, 22, 28, 'high',   'hard',   '/plants/alternanthera_reineckii_red_ruby/1.jpg', 'Stable CO2; strong light; avoid big parameter swings; trim regularly.', NOW(), NOW()),
(7,  'Anubias barteri',                   'Classic Anubias; tough, slow, good for beginners.',     6.0, 8.0, 22, 30, 'low',    'easy',   '/plants/anubias_barteri/1.jpg',                'Attach to hardscape; low–medium light; slow growth so keep algae low.', NOW(), NOW()),
(8,  'Anubias barteri Coin Leaf',         'Round-leaf Anubias; decorative epiphyte.',               6.0, 8.0, 22, 30, 'low',    'easy',   '/plants/anubias_barteri_coin_leaf/1.jpg',        'Attach to rock/wood; gentle flow; avoid burying rhizome.', NOW(), NOW()),
(9,  'Anubias barteri var glabra',        'Larger Anubias form; hardy and slow-growing.',           6.0, 8.0, 22, 30, 'low',    'easy',   '/plants/anubias_barteri_var_glabra/1.jpg',       'Low light; attach to hardscape; remove algae by reducing light & feeding.', NOW(), NOW()),
(10, 'Anubias barteri var nana Stardust', 'Variegated nana; slow, premium look.',                   6.0, 8.0, 22, 30, 'low',    'medium', '/plants/anubias_barteri_var_nana_stardust/1.jpg', 'Low–medium light; keep water clean; avoid strong direct light to limit algae.', NOW(), NOW()),
(11, 'Anubias nana Bonsai',               'Mini nana; very compact for nano tanks.',                6.0, 8.0, 22, 30, 'low',    'easy',   '/plants/anubias_nana_bonsai/1.jpg',              'Attach, don’t bury; slow grower; gentle light + clean water.', NOW(), NOW()),
(12, 'Anubias nana Gold',                 'Yellow-green nana variant; best in stable tanks.',       6.0, 8.0, 22, 30, 'low',    'medium', '/plants/anubias_nana_gold/1.jpg',                'Low–medium light; stable nutrients; keep algae low (slow growth).', NOW(), NOW()),
(13, 'Anubias nana Jade',                 'Green variant; hardy epiphyte.',                          6.0, 8.0, 22, 30, 'low',    'easy',   '/plants/anubias_nana_jade/1.jpg',                'Attach to hardscape; low light; avoid burying rhizome.', NOW(), NOW()),
(14, 'Anubias nana Kirin',                'Variegated patterned nana; slow-growing.',               6.0, 8.0, 22, 30, 'low',    'medium', '/plants/anubias_nana_kirin/1.jpg',               'Low–medium light; clean water; slow growth—watch algae and keep flow gentle.', NOW(), NOW()),
(15, 'Anubias nana Pinto',                'Strong variegation; slow and sensitive to algae.',       6.0, 8.0, 22, 30, 'low',    'medium', '/plants/anubias_nana_pinto/1.jpg',               'Low–medium light; stable tank; avoid high organics; gentle fertilization.', NOW(), NOW()),
(16, 'Bacopa australis',                  'Easy stem plant; bright green, good background/mid.',    6.0, 7.8, 20, 28, 'medium', 'easy',   '/plants/bacopa_australis/1.jpg',                 'Trim tops and replant; medium light; CO2 optional but helps compact growth.', NOW(), NOW()),
(17, 'Bacopa caroliniana',                'Hardy stem plant with thick leaves; beginner friendly.', 6.0, 8.0, 20, 28, 'medium', 'easy',   '/plants/bacopa_caroliniana/1.jpg',               'Medium light; CO2 optional; prune to encourage branching.', NOW(), NOW()),
(18, 'Bacopa salzmannii Purple',          'Colored Bacopa; shows purple/red in strong light.',      6.0, 7.5, 22, 28, 'high',   'medium', '/plants/bacopa_salzmannii_purple/1.jpg',         'High light for color; CO2 recommended; keep iron/micros steady.', NOW(), NOW()),
(19, 'Bolbitis heudelotii',               'African water fern; beautiful fronds, slow-growing.',    6.0, 7.8, 22, 28, 'low',    'medium', '/plants/bolbitis_heudelotii/1.jpg',              'Attach to wood/rock; moderate flow; low–medium light; avoid burying rhizome.', NOW(), NOW()),
(20, 'Bucephalandra pygmaea Bukit Kelam', 'Buce epiphyte; compact leaves, slow and hardy.',         6.0, 7.8, 22, 28, 'low',    'medium', '/plants/bucephalandra_pygmaea_bukit_kelam/1.jpg','Attach to hardscape; low light; stable water; avoid big swings.', NOW(), NOW()),
(21, 'Bucephalandra sp Red Scorpio',      'Buce with reddish tones; slow growth, stable tanks.',    6.0, 7.8, 22, 28, 'low',    'medium', '/plants/bucephalandra_sp_red_scorpio/1.jpg',     'Low–medium light; stable CO2 optional; keep tank clean to prevent algae.', NOW(), NOW()),
(22, 'Ceratopteris cornuta',              'Fast-growing fern; great for nutrient uptake.',          6.0, 8.0, 22, 28, 'medium', 'easy',   '/plants/ceratopteris_cornuta/1.jpg',             'Medium light; can float or plant; prune often; helps reduce excess nutrients.', NOW(), NOW()),
(23, 'Ceratopteris thalictroides',        'Water sprite; easy, fast and good for beginners.',       6.0, 8.0, 22, 28, 'medium', 'easy',   '/plants/ceratopteris_thalictroides/1.jpg',       'Float for fastest growth; medium light; regular trimming to keep shape.', NOW(), NOW()),
(24, 'Crinum calamistratum',              'Unique curly leaves; slow but impressive centerpiece.',  6.0, 7.8, 22, 28, 'medium', 'medium', '/plants/crinum_calamistratum/1.jpg',             'Medium light; gentle flow; do not bury bulb too deep; stable tank preferred.', NOW(), NOW()),
(25, 'Cryptocoryne affinis',              'Rosette plant; tolerant and good midground.',            6.0, 7.8, 22, 28, 'low',    'easy',   '/plants/cryptocoryne_affinis/1.jpg',             'Low–medium light; stable conditions; expect “crypt melt” after changes.', NOW(), NOW()),
(26, 'Cryptocoryne affinis Dark Orange',  'Colored affinis variant; best in stable setups.',        6.0, 7.6, 22, 28, 'medium', 'medium', '/plants/cryptocoryne_affinis_dark_orange/1.jpg', 'Medium light for color; stable tank; root tabs help; avoid frequent rescapes.', NOW(), NOW()),
(27, 'Cryptocoryne beckettii',            'Classic crypt; compact rosette, beginner friendly.',     6.0, 7.8, 22, 28, 'low',    'easy',   '/plants/cryptocoryne_beckettii/1.jpg',           'Low–medium light; stable parameters; root fertilizer helps long-term growth.', NOW(), NOW()),
(28, 'Cryptocoryne lucens',               'Small narrow-leaf crypt; great foreground/mid.',         6.0, 7.8, 22, 28, 'low',    'easy',   '/plants/cryptocoryne_lucens/1.jpg',              'Low–medium light; steady tank; plant in groups; root tabs optional.', NOW(), NOW()),
(29, 'Cryptocoryne lutea',                'Compact crypt; easy and hardy.',                          6.0, 7.8, 22, 28, 'low',    'easy',   '/plants/cryptocoryne_lutea/1.jpg',               'Low–medium light; stable water; avoid moving once established.', NOW(), NOW()),
(30, 'Cryptocoryne lutea Hobbit',         'Smaller lutea form; good foreground crypt.',             6.0, 7.8, 22, 28, 'low',    'easy',   '/plants/cryptocoryne_lutea_hobbit/1.jpg',        'Low–medium light; stable conditions; root feeding improves growth.', NOW(), NOW()),
(31, 'Cryptocoryne parva',                'Tiny crypt; slow carpet-like foreground.',               6.0, 7.8, 22, 28, 'medium', 'medium', '/plants/cryptocoryne_parva/1.jpg',              'Medium light; patience (slow); CO2 optional; root tabs recommended.', NOW(), NOW()),
(32, 'Cryptocoryne walkeri var legroi',   'Hardy rosette; good for midground.',                      6.0, 7.8, 22, 28, 'low',    'easy',   '/plants/cryptocoryne_walkeri_var_legroi/1.jpg',  'Low–medium light; stable tank; avoid big changes to prevent melt.', NOW(), NOW()),
(33, 'Cryptocoryne wendtii Brown',        'Popular wendtii; brown tones and easy care.',            6.0, 7.8, 22, 28, 'low',    'easy',   '/plants/cryptocoryne_wendtii_brown/1.jpg',       'Low–medium light; stable setup; root fertilizer improves size and color.', NOW(), NOW()),
(34, 'Cryptocoryne wendtii Compact',      'Compact wendtii; dense clumps for midground.',           6.0, 7.8, 22, 28, 'low',    'easy',   '/plants/cryptocoryne_wendtii_compact/1.jpg',     'Low–medium light; stable tank; trim old leaves; root tabs helpful.', NOW(), NOW()),
(35, 'Cryptocoryne wendtii Green',        'Green wendtii; hardy and versatile.',                    6.0, 7.8, 22, 28, 'low',    'easy',   '/plants/cryptocoryne_wendtii_green/1.jpg',       'Low–medium light; keep conditions steady; avoid frequent uprooting.', NOW(), NOW()),
(36, 'Echinodorus argentinensis',         'Large sword plant; strong root feeder.',                 6.0, 8.0, 22, 28, 'medium', 'easy',   '/plants/echinodorus_argentinensis/1.jpg',        'Medium light; use nutrient-rich substrate/root tabs; give space to grow.', NOW(), NOW()),
(37, 'Echinodorus cordifolius Harbich Red','Red sword variant; centerpiece rosette.',               6.0, 8.0, 22, 28, 'medium', 'medium', '/plants/echinodorus_cordifolius_harbich_red/1.jpg','Medium–high light for color; strong root feeding; stable nutrients.', NOW(), NOW()),
(38, 'Echinodorus cordifolius Mini',      'Compact sword; good for midground.',                      6.0, 8.0, 22, 28, 'medium', 'easy',   '/plants/echinodorus_cordifolius_mini/1.jpg',     'Medium light; root tabs; trim older leaves; keep nutrients consistent.', NOW(), NOW()),
(39, 'Echinodorus Green Chameleon',       'Color-changing sword under different conditions.',       6.0, 8.0, 22, 28, 'medium', 'medium', '/plants/echinodorus_green_chameleon/1.jpg',      'Medium light; rich substrate; steady fertilization; avoid big swings.', NOW(), NOW()),
(40, 'Echinodorus grisebachii Bleherae',  'Amazon sword; classic large rosette plant.',             6.0, 8.0, 22, 28, 'medium', 'easy',   '/plants/echinodorus_grisebachii_bleherae/1.jpg', 'Medium light; heavy root feeder; add root tabs regularly.', NOW(), NOW()),
(41, 'Echinodorus grisebachii Tropica',   'Sword plant; robust growth with good substrate.',        6.0, 8.0, 22, 28, 'medium', 'easy',   '/plants/echinodorus_grisebachii_tropica/1.jpg',  'Medium light; nutrient substrate; root tabs; prune old leaves.', NOW(), NOW()),
(42, 'Echinodorus Ozelot',                'Spotted sword; attractive leaves, moderate growth.',     6.0, 8.0, 22, 28, 'medium', 'easy',   '/plants/echinodorus_ozelot/1.jpg',               'Medium light; root tabs; stable nutrients; give room for rosette.', NOW(), NOW()),
(43, 'Echinodorus Python',                'Large patterned sword; centerpiece plant.',              6.0, 8.0, 22, 28, 'medium', 'medium', '/plants/echinodorus_python/1.jpg',               'Medium light; rich substrate; consistent fertilization; prune older leaves.', NOW(), NOW()),
(44, 'Echinodorus Red Chameleon',         'Red-toned sword; shows best color in stronger light.',   6.0, 8.0, 22, 28, 'high',   'medium', '/plants/echinodorus_red_chameleon/1.jpg',         'Medium–high light; root feeding; add iron/micros for better color.', NOW(), NOW()),
(45, 'Echinodorus Small Bear',            'Compact sword; good for smaller tanks.',                 6.0, 8.0, 22, 28, 'medium', 'easy',   '/plants/echinodorus_small_bear/1.jpg',           'Medium light; nutrient substrate; root tabs help compact, healthy growth.', NOW(), NOW()),
(46, 'Echinodorus Spotted Harbich',       'Spotted sword variant; decorative rosette.',             6.0, 8.0, 22, 28, 'medium', 'medium', '/plants/echinodorus_spotted_harbich/1.jpg',      'Medium light; strong root feeding; stable nutrients to avoid stunting.', NOW(), NOW()),
(47, 'Egeria densa Special',              'Very fast-growing oxygenator; great for nutrient control.',6.5, 8.2, 18, 28, 'medium', 'easy',   '/plants/egeria_densa_special/1.jpg',             'Medium light; prune often; grows fast and helps reduce algae by competing for nutrients.', NOW(), NOW()),
(48, 'Egeria densa Tropical',             'Fast stem plant; easy and hardy.',                       6.5, 8.2, 20, 30, 'medium', 'easy',   '/plants/egeria_densa_tropical/1.jpg',            'Medium light; prune regularly; avoid very hot water long-term.', NOW(), NOW()),
(49, 'Eleocharis acicularis',             'Hairgrass carpet; fine blades, forms meadow.',           5.5, 7.5, 20, 28, 'high',   'medium', '/plants/eleocharis_acicularis/1.jpg',           'High light; CO2 helps; split into small plugs; trim to thicken carpet.', NOW(), NOW()),
(50, 'Eleocharis vivipara',               'Tall hairgrass; good background grassy look.',           6.0, 7.8, 20, 28, 'medium', 'easy',   '/plants/eleocharis_vivipara/1.jpg',              'Medium light; trim runners; CO2 optional; plant in clumps.', NOW(), NOW()),
(51, 'Hemianthus callitrichoides Cuba',   'HC Cuba carpet; tiny leaves, high demand.',              5.5, 7.5, 20, 28, 'high',   'hard',   '/plants/hemianthus_callitrichoides_cuba/1.jpg',  'High light + stable CO2; plant tiny portions; avoid algae by stable nutrients.', NOW(), NOW()),
(52, 'Hemianthus glomeratus',             'Bright green stem; compact when trimmed.',               5.5, 7.5, 20, 28, 'high',   'medium', '/plants/hemianthus_glomeratus/1.jpg',           'High light for compact growth; CO2 recommended; trim often for bushy look.', NOW(), NOW()),
(53, 'Hydrocotyle leucocephala',          'Fast creeping plant; great for beginners.',              6.0, 8.0, 20, 28, 'medium', 'easy',   '/plants/hydrocotyle_leucocephala/1.jpg',        'Medium light; grows fast; trim and replant; helps stabilize new tanks.', NOW(), NOW()),
(54, 'Hydrocotyle tripartita',            'Creeping clover-like carpet; good foreground.',          6.0, 7.8, 20, 28, 'high',   'medium', '/plants/hydrocotyle_tripartita/1.jpg',          'Medium–high light; CO2 helps dense growth; trim aggressively to keep low.', NOW(), NOW()),
(55, 'Hydrocotyle verticillata',          'Umbrella-like leaves; unique look, moderate speed.',     6.0, 7.8, 20, 28, 'medium', 'medium', '/plants/hydrocotyle_verticillata/1.jpg',        'Medium light; keep nutrients steady; CO2 optional; trim runners as needed.', NOW(), NOW()),
(56, 'Hygrophila corymbosa',              'Hardy stem; big leaves, great background plant.',        6.0, 8.0, 22, 30, 'medium', 'easy',   '/plants/hygrophila_corymbosa/1.jpg',            'Medium light; trim tops and replant; CO2 optional; very forgiving.', NOW(), NOW()),
(57, 'Hygrophila corymbosa Compact',      'Compact form; dense growth under good light.',           6.0, 8.0, 22, 30, 'high',   'medium', '/plants/hygrophila_corymbosa_compact/1.jpg',     'High light for compact shape; trim often; CO2 recommended for best results.', NOW(), NOW()),
(58, 'Hygrophila corymbosa Stricta',      'Narrower leaves; strong background stem.',               6.0, 8.0, 22, 30, 'medium', 'easy',   '/plants/hygrophila_corymbosa_stricta/1.jpg',     'Medium light; prune and replant; steady fertilization keeps leaves healthy.', NOW(), NOW()),
(59, 'Hygrophila corymbosa Thailand',     'Regional variant; robust growth with good nutrients.',   6.0, 8.0, 22, 30, 'medium', 'easy',   '/plants/hygrophila_corymbosa_thailand/1.jpg',    'Medium light; trim often; CO2 optional; keep macros stable.', NOW(), NOW()),
(60, 'Hygrophila costata',                'Fast stem; easy background plant.',                       6.0, 8.0, 22, 30, 'medium', 'easy',   '/plants/hygrophila_costata/1.jpg',              'Medium light; prune routinely; helps consume excess nutrients.', NOW(), NOW()),
(61, 'Hygrophila pinnatifida',            'Textured leaves; can attach or plant, great accent.',    6.0, 7.8, 22, 28, 'medium', 'medium', '/plants/hygrophila_pinnatifida/1.jpg',          'Medium–high light; CO2 recommended; trim runners; can be tied to hardscape.', NOW(), NOW()),
(62, 'Hygrophila polysperma',             'One of the easiest stems; very fast growth.',            6.0, 8.0, 22, 30, 'low',    'easy',   '/plants/hygrophila_polysperma/1.jpg',           'Low–medium light; grows fast; trim often; great for new tanks.', NOW(), NOW()),
(63, 'Hygrophila polysperma Sunset',      'Colored polysperma; pink/orange under stronger light.',  6.0, 7.8, 22, 30, 'high',   'medium', '/plants/hygrophila_polysperma_sunset/1.jpg',    'High light for color; CO2 optional; keep iron/micros consistent.', NOW(), NOW()),
(64, 'Lagenandra meeboldii Red',          'Rosette plant with reddish tones; prefers stability.',  6.0, 7.6, 22, 28, 'medium', 'medium', '/plants/lagenandra_meeboldii_red/1.jpg',        'Medium light; stable tank; root tabs; avoid frequent moves to prevent melt.', NOW(), NOW()),
(65, 'Lilaeopsis brasiiliensis',          'Grass-like carpet; forms short lawn.',                   6.0, 7.8, 20, 28, 'high',   'medium', '/plants/lilaeopsis_brasiiliensis/1.jpg',         'High light; CO2 helps; plant small plugs; trim to thicken.', NOW(), NOW()),
(66, 'Lilaeopsis mauritiana',             'Fine grassy carpet; needs good light to spread.',        6.0, 7.8, 20, 28, 'high',   'medium', '/plants/lilaeopsis_mauritiana/1.jpg',            'High light; CO2 recommended; split into plugs; keep substrate clean.', NOW(), NOW()),
(67, 'Limnophila hippuridoides',          'Red-tinged stem; looks best in high-tech setups.',       5.5, 7.5, 22, 28, 'high',   'medium', '/plants/limnophila_hippuridoides/1.jpg',         'High light + CO2; dose nutrients; trim tops and replant for bushy groups.', NOW(), NOW()),
(68, 'Limnophila sessiliflora',           'Fast feathery stem; great beginner background.',         6.0, 8.0, 20, 28, 'medium', 'easy',   '/plants/limnophila_sessiliflora/1.jpg',          'Medium light; very fast; trim often; great for new tanks and algae control.', NOW(), NOW()),
(69, 'Lobelia cardinalis',                'Broad-leaf stem/rosette; good midground.',               6.0, 7.8, 20, 28, 'medium', 'medium', '/plants/lobelia_cardinalis/1.jpg',              'Medium light; CO2 optional; trim and replant; keep nutrients steady.', NOW(), NOW()),
(70, 'Lobelia cardinalis Mini',           'Compact lobelia; nice foreground/mid clumps.',           6.0, 7.8, 20, 28, 'medium', 'medium', '/plants/lobelia_cardinalis_mini/1.jpg',         'Medium light; trim to keep low; stable nutrients; CO2 helps compact growth.', NOW(), NOW()),
(71, 'Ludwigia glandulosa',               'Deep red stem; more demanding for color.',               5.5, 7.5, 22, 28, 'high',   'hard',   '/plants/ludwigia_glandulosa/1.jpg',             'High light + CO2; keep NO3/PO4 stable; add iron; avoid shading lower stems.', NOW(), NOW()),
(72, 'Ludwigia palustris Green',          'Green form; easier than red variants.',                  5.5, 7.8, 20, 28, 'medium', 'easy',   '/plants/ludwigia_palustris_green/1.jpg',        'Medium light; prune and replant; CO2 optional; steady macros.', NOW(), NOW()),
(73, 'Ludwigia palustris Super Red',      'Strong red coloration in high light.',                   5.5, 7.5, 20, 28, 'high',   'medium', '/plants/ludwigia_palustris_super_red/1.jpg',    'High light; CO2 recommended; maintain iron/micros; trim often for density.', NOW(), NOW()),
(74, 'Ludwigia repens Rubin',             'Red repens variant; good beginner red under strong light.',5.5,7.8, 20, 28, 'high',   'medium', '/plants/ludwigia_repens_rubin/1.jpg',           'Medium–high light; CO2 optional; trim tops; keep nutrients steady for color.', NOW(), NOW()),
(75, 'Lysimachia nummularia Aurea',       'Golden creeping stem; bright color in good light.',      6.0, 8.0, 20, 28, 'high',   'medium', '/plants/lysimachia_nummularia_aurea/1.jpg',      'High light for golden color; trim runners; CO2 helps compact growth.', NOW(), NOW()),
(76, 'Micranthemum umbrosum',             'Delicate small-leaf stem; bright green texture.',        5.5, 7.5, 20, 28, 'high',   'medium', '/plants/micranthemum_umbrosum/1.jpg',           'High light; CO2 recommended; trim often; keep flow gentle to avoid damage.', NOW(), NOW()),
(77, 'Microsorum pteropus',               'Java fern; classic epiphyte, very hardy.',               6.0, 8.0, 22, 28, 'low',    'easy',   '/plants/microsorum_pteropus/1.jpg',             'Attach to hardscape; low light; do not bury rhizome; remove old leaves.', NOW(), NOW()),
(78, 'Microsorum pteropus Narrow Leaf',   'Narrow leaf Java fern; elegant fronds.',                 6.0, 8.0, 22, 28, 'low',    'easy',   '/plants/microsorum_pteropus_narrow_leaf/1.jpg',  'Low–medium light; attach to wood/rock; stable tank; slow but tough.', NOW(), NOW()),
(79, 'Microsorum pteropus Trident',       'Trident fern; forked leaves, decorative.',               6.0, 8.0, 22, 28, 'low',    'easy',   '/plants/microsorum_pteropus_trident/1.jpg',      'Attach; low–medium light; avoid burying rhizome; gentle flow preferred.', NOW(), NOW()),
(80, 'Persicaria sp Sao Paulo',           'Colorful stem plant; best in high-tech tanks.',          5.5, 7.5, 22, 28, 'high',   'hard',   '/plants/persicaria_sp_sao_paulo/1.jpg',         'Strong light + stable CO2; consistent macros/micros; trim and replant tops.', NOW(), NOW()),
(81, 'Pogostemon deccanensis',            'Fine-leaf stem; can be demanding for best form.',        5.5, 7.5, 22, 28, 'high',   'hard',   '/plants/pogostemon_deccanensis/1.jpg',          'High light + CO2; stable nutrients; trim tops to keep dense bushes.', NOW(), NOW()),
(82, 'Pogostemon helferi',                'Curly rosette; great foreground accent.',                6.0, 7.8, 22, 28, 'high',   'medium', '/plants/pogostemon_helferi/1.jpg',              'High light; CO2 recommended; keep substrate clean; root tabs help.', NOW(), NOW()),
(83, 'Pogostemon quadrifolius',           'Stem plant with whorled leaves; medium demand.',         6.0, 7.8, 22, 28, 'medium', 'medium', '/plants/pogostemon_quadrifolius/1.jpg',         'Medium–high light; CO2 helps; trim and replant; keep nutrients stable.', NOW(), NOW()),
(84, 'Pogostemon stellatus sp',           'Star-shaped fine stem; demanding but beautiful.',        5.5, 7.5, 22, 28, 'high',   'hard',   '/plants/pogostemon_stellatus_sp/1.jpg',         'Strong light + stable CO2; dose micros/iron; trim tops and avoid shading.', NOW(), NOW()),
(85, 'Rotala rotundifolia Laos',          'Rotala variant; better color under strong light.',       5.5, 7.5, 20, 28, 'high',   'medium', '/plants/rotala_rotundifolia_laos/1.jpg',         'High light for color; CO2 recommended; trim frequently for dense growth.', NOW(), NOW()),
(86, 'Rotala rotundifolia Orange Juice',  'Bright orange tones in strong light; high-tech friendly.',5.5,7.5, 20, 28, 'high',   'medium', '/plants/rotala_rotundifolia_orange_juice/1.jpg', 'Strong light + CO2; steady nutrients; trim and replant to keep vibrant tops.', NOW(), NOW()),
(87, 'Rotala rotundifolia sp Hra',        'Colorful rotala type; needs good light/CO2.',            5.5, 7.5, 20, 28, 'high',   'medium', '/plants/rotala_rotundifolia_sp_hra/1.jpg',      'High light; CO2 recommended; keep NO3 stable; trim often for bush shape.', NOW(), NOW()),
(88, 'Sagittaria subulata var pusilla',   'Dwarf sag; easy foreground grass-like plant.',           6.0, 8.0, 20, 28, 'low',    'easy',   '/plants/sagittaria_subulata_var_pusilla/1.jpg',  'Low–medium light; spreads by runners; root tabs optional; trim tall leaves.', NOW(), NOW()),
(89, 'Schismatoglottis prietoi',          'Rare aroid; slow and prefers stable, clean water.',     6.0, 7.8, 22, 28, 'low',    'medium', '/plants/schismatoglottis_prietoi/1.jpg',        'Low light; stable tank; gentle flow; avoid frequent disturbance.', NOW(), NOW()),
(90, 'Staurogyne repens',                 'Compact bushy plant for foreground/midground.',          6.0, 7.8, 20, 28, 'medium', 'easy',   '/plants/staurogyne_repens/1.jpg',               'Medium light; trim tops to encourage lateral growth; CO2 optional but helps.', NOW(), NOW()),
(91, 'Vallisneria australis Gigantea',    'Tall vallisneria; strong background/side plant.',        6.5, 8.2, 20, 30, 'low',    'easy',   '/plants/vallisneria_australis_gigantea/1.jpg',   'Low–medium light; spreads by runners; don’t bury crown; give space to grow.', NOW(), NOW()),
(92, 'Vallisneria spiralis',              'Easy vallisneria; classic ribbon leaves.',               6.5, 8.2, 20, 30, 'low',    'easy',   '/plants/vallisneria_spiralis/1.jpg',             'Low–medium light; runner spreader; trim long leaves; stable tank preferred.', NOW(), NOW());

-- =========================================================
-- TANKS (GỐC)
-- =========================================================
INSERT INTO tanks (id, user_id, name, size, volume_liters, substrate, light, co2, description, created_at, updated_at) VALUES
(1, 3, '60P Iwagumi',       '60x30x36', 64,  'ADA Amazonia', 'LED 80%', 1, 'High-tech carpet tank.', NOW(), NOW()),
(2, 4, 'Nano Shrimp Tank',  '30x30x30', 27,  'Active soil',  'LED 50%', 0, 'Low-tech shrimp tank.',  NOW(), NOW()),
(3, 5, 'Dutch Style',       '90x45x45', 180, 'Aquasoil',     'LED 90%', 1, 'Stem-heavy high-tech tank.', NOW(), NOW()),
(4, 6, 'Admin Showcase',    '45x30x30', 40,  'Aquasoil',     'LED 70%', 1, 'Mixed epiphyte showcase.', NOW(), NOW());

-- =========================================================
-- TANK_PLANTS (GỐC)
-- =========================================================
INSERT INTO tank_plants (id, tank_id, plant_id, planted_at, position, note, created_at, updated_at, deleted_at) VALUES
(1,  1,  1,  '2025-12-01', 'foreground', 'Main carpet',             NOW(), NOW(), NULL),
(2,  1,  49, '2025-12-01', 'foreground', 'Accent grass',           NOW(), NOW(), NULL),
(3,  1,  90, '2025-12-02', 'midground',  'Transition bushes',      NOW(), NOW(), NULL),
(4,  1,  3,  '2025-12-03', 'background', 'Easy stem filler',       NOW(), NOW(), NULL),

(5,  2,  2,  '2025-12-02', 'midground',  'On wood/stone',          NOW(), NOW(), NULL),
(6,  2,  21, '2025-12-02', 'midground',  'Epiphyte cluster',       NOW(), NOW(), NULL),
(7,  2,  31, '2025-12-03', 'foreground', 'Slow crypt carpet',      NOW(), NOW(), NULL),
(8,  2,  55, '2025-12-04', 'foreground', 'Creeping cover',         NOW(), NOW(), NULL),

(9,  3,  85, '2025-12-05', 'background', 'Fast color stems',       NOW(), NOW(), NULL),
(10, 3,  74, '2025-12-05', 'midground',  'Red stem contrast',      NOW(), NOW(), NULL),
(11, 3,  63, '2025-12-06', 'background', 'Easy fast grower',       NOW(), NOW(), NULL),
(12, 3,  84, '2025-12-06', 'background', 'Focal tall stems',       NOW(), NOW(), NULL),
(13, 3,  70, '2025-12-06', 'midground',  'Compact red/green',      NOW(), NOW(), NULL),

(14, 4,  77, '2025-12-07', 'midground',  'Java fern base',         NOW(), NOW(), NULL),
(15, 4,  19, '2025-12-07', 'midground',  'Bolbitis on driftwood',  NOW(), NOW(), NULL),
(16, 4,  24, '2025-12-08', 'background', 'Wave leaf accent',       NOW(), NOW(), NULL);

-- =========================================================
-- WATER_LOGS (GỐC)
-- =========================================================
INSERT INTO water_logs (id, tank_id, logged_at, ph, temperature, no3, other_params, created_at, updated_at, deleted_at) VALUES
(1, 1, '2025-12-10 10:00:00', 6.8, 25.0, 12, JSON_OBJECT('gh', 6, 'kh', 3, 'note', 'Stable week'),        NOW(), NOW(), NULL),
(2, 1, '2025-12-12 10:00:00', 6.9, 25.5, 15, JSON_OBJECT('gh', 6, 'kh', 3, 'note', 'NO3 up slightly'),    NOW(), NOW(), NULL),

(3, 2, '2025-12-11 09:00:00', 7.2, 26.0, 8,  JSON_OBJECT('gh', 5, 'kh', 2, 'note', 'Shrimp ok'),          NOW(), NOW(), NULL),
(4, 2, '2025-12-14 09:00:00', 7.1, 26.0, 10, JSON_OBJECT('gh', 5, 'kh', 2, 'note', 'Light reduced'),      NOW(), NOW(), NULL),

(5, 3, '2025-12-13 20:00:00', 6.6, 24.5, 20, JSON_OBJECT('gh', 7, 'kh', 3, 'note', 'CO2 running'),        NOW(), NOW(), NULL),
(6, 3, '2025-12-16 20:00:00', 6.5, 24.5, 18, JSON_OBJECT('gh', 7, 'kh', 3, 'note', 'After water change'), NOW(), NOW(), NULL),

(7, 4, '2025-12-15 19:00:00', 6.7, 25.0, 10, JSON_OBJECT('gh', 6, 'kh', 3, 'note', 'New tank cycling'),   NOW(), NOW(), NULL),
(8, 4, '2025-12-18 19:00:00', 6.7, 25.0, 12, JSON_OBJECT('gh', 6, 'kh', 3, 'note', 'Biofilm normal'),     NOW(), NOW(), NULL);

-- =========================================================
-- PLANT_LOGS (GỐC)
-- =========================================================
INSERT INTO plant_logs (id, tank_plant_id, logged_at, height, status, note, image_path, created_at, updated_at, deleted_at) VALUES
(1,  1,  '2025-12-10', 2.5,  'growing', 'Carpet starting to spread', NULL, NOW(), NOW(), NULL),
(2,  2,  '2025-12-10', 6.0,  'healthy', 'Eleocharis adapting',       NULL, NOW(), NOW(), NULL),
(3,  3,  '2025-12-12', 4.0,  'healthy', 'Staurogyne stable',         NULL, NOW(), NOW(), NULL),
(4,  9,  '2025-12-13', 20.0, 'growing', 'Rotala pushing new tops',   NULL, NOW(), NOW(), NULL),
(5,  14, '2025-12-16', 12.0, 'healthy', 'Java fern new leaves',      NULL, NOW(), NOW(), NULL),
(6,  15, '2025-12-18', 10.0, 'growing', 'Bolbitis settling in',      NULL, NOW(), NOW(), NULL);

-- =========================================================
-- Q&A (GỐC)
-- =========================================================
INSERT INTO questions (id, user_id, tank_id, title, content, image_path, status, created_at, updated_at) VALUES
(1, 3, 1, 'Monte Carlo turning yellow after 3 weeks', 'Leaves pale yellow, dosing twice a week. CO2 + strong light.', NULL, 'open',     NOW(), NOW()),
(2, 4, 2, 'Brown algae on glass in new tank',         'New tank, diatoms on glass and stones. Any tips?',            NULL, 'resolved', NOW(), NOW()),
(3, 6, 4, 'Bucephalandra melting after moving',       'Moved bucephalandra to a new tank, some leaves melt. Normal?', NULL, 'open',    NOW(), NOW());

INSERT INTO answers (id, question_id, user_id, content, is_accepted, created_at, updated_at) VALUES
(1, 1, 2, 'Likely nutrient imbalance. Keep NO3 stable and ensure CO2 consistency.', 1, NOW(), NOW()),
(2, 1, 5, 'Also consider new-tank instability; do regular water changes.',          0, NOW(), NOW()),
(3, 2, 2, 'Diatoms are common in new tanks. Reduce light and increase water changes.', 1, NOW(), NOW()),
(4, 3, 2, 'Some melting can happen after changes. Keep parameters stable and avoid frequent moves.', 1, NOW(), NOW());

-- =========================================================
-- COMMUNITY (GỐC)
-- =========================================================
INSERT INTO posts (id, user_id, title, content, image_path, created_at, updated_at) VALUES
(1, 3, 'My first Iwagumi – 90 days journal',   'From bare glass to full carpet. Lessons about CO2, trimming, and algae control.', '/assets/img/demo_iwagumi.jpg', NOW(), NOW()),
(2, 2, 'Beginner guide to balanced fertilizing','Simple routine to feed plants without triggering algae. Example schedules inside.', NULL, NOW(), NOW()),
(3, 6, 'Admin Showcase tank – setup notes',     'Testing epiphytes (java fern, bolbitis) and stable CO2. Will update weekly.', NULL, NOW(), NOW());

INSERT INTO comments (id, post_id, user_id, content, created_at, updated_at) VALUES
(1, 1, 2, 'Great journal! Tracking NO3 is a big help for beginners.', NOW(), NOW()),
(2, 1, 4, 'Did you notice CO2 issues with fish after trims?',        NOW(), NOW()),
(3, 2, 5, 'This guide is super clear. Thanks!',                      NOW(), NOW()),
(4, 3, 2, 'Nice setup. Keep flow gentle for bolbitis and monitor algae early.', NOW(), NOW());

-- =========================================================
-- PLANT_IMAGES (feature_vector để NULL, vì TV7 mới xử lý)
-- =========================================================
-- PLANT_IMAGES (mỗi cây 1..4 ảnh)
-- LƯU Ý: SQL không check được file có tồn tại, nên nếu folder nào chỉ có 1-2 ảnh
-- thì bạn có thể xóa bớt các row /2.jpg /3.jpg /4.jpg sau.
-- =========================================================
INSERT INTO plant_images (id, plant_id, image_path, feature_vector, created_at, updated_at) VALUES
(1, 1, '/plants/micranthemum_tweediei_montecarlo/1.jpg', NULL, NOW(), NOW()),
(2, 1, '/plants/micranthemum_tweediei_montecarlo/2.jpg', NULL, NOW(), NOW()),
(3, 1, '/plants/micranthemum_tweediei_montecarlo/3.jpg', NULL, NOW(), NOW()),
(5, 2, '/plants/anubias_barteri_var_nana/1.jpg', NULL, NOW(), NOW()),
(6, 2, '/plants/anubias_barteri_var_nana/2.jpg', NULL, NOW(), NOW()),
(7, 2, '/plants/anubias_barteri_var_nana/3.jpg', NULL, NOW(), NOW()),
(8, 2, '/plants/anubias_barteri_var_nana/4.jpg', NULL, NOW(), NOW()),
(9, 3, '/plants/rotala_rotundifolia/1.jpg', NULL, NOW(), NOW()),
(10, 3, '/plants/rotala_rotundifolia/2.jpg', NULL, NOW(), NOW()),
(11, 3, '/plants/rotala_rotundifolia/3.jpg', NULL, NOW(), NOW()),
(13, 4, '/plants/alternanthera_reineckii_mini/1.jpg', NULL, NOW(), NOW()),
(14, 4, '/plants/alternanthera_reineckii_mini/2.jpg', NULL, NOW(), NOW()),
(15, 4, '/plants/alternanthera_reineckii_mini/3.jpg', NULL, NOW(), NOW()),
(16, 4, '/plants/alternanthera_reineckii_mini/4.jpg', NULL, NOW(), NOW()),
(17, 5, '/plants/alternanthera_reineckii_red/1.jpg', NULL, NOW(), NOW()),
(18, 5, '/plants/alternanthera_reineckii_red/2.jpg', NULL, NOW(), NOW()),
(19, 5, '/plants/alternanthera_reineckii_red/3.jpg', NULL, NOW(), NOW()),
(20, 5, '/plants/alternanthera_reineckii_red/4.jpg', NULL, NOW(), NOW()),
(21, 6, '/plants/alternanthera_reineckii_red_ruby/1.jpg', NULL, NOW(), NOW()),
(22, 6, '/plants/alternanthera_reineckii_red_ruby/2.jpg', NULL, NOW(), NOW()),
(25, 7, '/plants/anubias_barteri/1.jpg', NULL, NOW(), NOW()),
(26, 7, '/plants/anubias_barteri/2.jpg', NULL, NOW(), NOW()),
(27, 7, '/plants/anubias_barteri/3.jpg', NULL, NOW(), NOW()),
(28, 7, '/plants/anubias_barteri/4.jpg', NULL, NOW(), NOW()),
(29, 8, '/plants/anubias_barteri_coin_leaf/1.jpg', NULL, NOW(), NOW()),
(30, 8, '/plants/anubias_barteri_coin_leaf/2.jpg', NULL, NOW(), NOW()),
(33, 9, '/plants/anubias_barteri_var_glabra/1.jpg', NULL, NOW(), NOW()),
(34, 9, '/plants/anubias_barteri_var_glabra/2.jpg', NULL, NOW(), NOW()),
(35, 9, '/plants/anubias_barteri_var_glabra/3.jpg', NULL, NOW(), NOW()),
(37, 10, '/plants/anubias_barteri_var_nana_stardust/1.jpg', NULL, NOW(), NOW()),
(38, 10, '/plants/anubias_barteri_var_nana_stardust/2.jpg', NULL, NOW(), NOW()),
(39, 10, '/plants/anubias_barteri_var_nana_stardust/3.jpg', NULL, NOW(), NOW()),
(41, 11, '/plants/anubias_nana_bonsai/1.jpg', NULL, NOW(), NOW()),
(42, 11, '/plants/anubias_nana_bonsai/2.jpg', NULL, NOW(), NOW()),
(43, 11, '/plants/anubias_nana_bonsai/3.jpg', NULL, NOW(), NOW()),
(44, 11, '/plants/anubias_nana_bonsai/4.jpg', NULL, NOW(), NOW()),
(45, 12, '/plants/anubias_nana_gold/1.jpg', NULL, NOW(), NOW()),
(49, 13, '/plants/anubias_nana_jade/1.jpg', NULL, NOW(), NOW()),
(50, 13, '/plants/anubias_nana_jade/2.jpg', NULL, NOW(), NOW()),
(51, 13, '/plants/anubias_nana_jade/3.jpg', NULL, NOW(), NOW()),
(53, 14, '/plants/anubias_nana_kirin/1.jpg', NULL, NOW(), NOW()),
(54, 14, '/plants/anubias_nana_kirin/2.jpg', NULL, NOW(), NOW()),
(57, 15, '/plants/anubias_nana_pinto/1.jpg', NULL, NOW(), NOW()),
(61, 16, '/plants/bacopa_australis/1.jpg', NULL, NOW(), NOW()),
(62, 16, '/plants/bacopa_australis/2.jpg', NULL, NOW(), NOW()),
(63, 16, '/plants/bacopa_australis/3.jpg', NULL, NOW(), NOW()),
(65, 17, '/plants/bacopa_caroliniana/1.jpg', NULL, NOW(), NOW()),
(66, 17, '/plants/bacopa_caroliniana/2.jpg', NULL, NOW(), NOW()),
(67, 17, '/plants/bacopa_caroliniana/3.jpg', NULL, NOW(), NOW()),
(68, 17, '/plants/bacopa_caroliniana/4.jpg', NULL, NOW(), NOW()),
(69, 18, '/plants/bacopa_salzmannii_purple/1.jpg', NULL, NOW(), NOW()),
(73, 19, '/plants/bolbitis_heudelotii/1.jpg', NULL, NOW(), NOW()),
(74, 19, '/plants/bolbitis_heudelotii/2.jpg', NULL, NOW(), NOW()),
(75, 19, '/plants/bolbitis_heudelotii/3.jpg', NULL, NOW(), NOW()),
(77, 20, '/plants/bucephalandra_pygmaea_bukit_kelam/1.jpg', NULL, NOW(), NOW()),
(78, 20, '/plants/bucephalandra_pygmaea_bukit_kelam/2.jpg', NULL, NOW(), NOW()),
(79, 20, '/plants/bucephalandra_pygmaea_bukit_kelam/3.jpg', NULL, NOW(), NOW()),
(80, 20, '/plants/bucephalandra_pygmaea_bukit_kelam/4.jpg', NULL, NOW(), NOW()),
(81, 21, '/plants/bucephalandra_sp_red_scorpio/1.jpg', NULL, NOW(), NOW()),
(82, 21, '/plants/bucephalandra_sp_red_scorpio/2.jpg', NULL, NOW(), NOW()),
(85, 22, '/plants/ceratopteris_cornuta/1.jpg', NULL, NOW(), NOW()),
(86, 22, '/plants/ceratopteris_cornuta/2.jpg', NULL, NOW(), NOW()),
(89, 23, '/plants/ceratopteris_thalictroides/1.jpg', NULL, NOW(), NOW()),
(90, 23, '/plants/ceratopteris_thalictroides/2.jpg', NULL, NOW(), NOW()),
(93, 24, '/plants/crinum_calamistratum/1.jpg', NULL, NOW(), NOW()),
(94, 24, '/plants/crinum_calamistratum/2.jpg', NULL, NOW(), NOW()),
(97, 25, '/plants/cryptocoryne_affinis/1.jpg', NULL, NOW(), NOW()),
(98, 25, '/plants/cryptocoryne_affinis/2.jpg', NULL, NOW(), NOW()),
(99, 25, '/plants/cryptocoryne_affinis/3.jpg', NULL, NOW(), NOW()),
(101, 26, '/plants/cryptocoryne_affinis_dark_orange/1.jpg', NULL, NOW(), NOW()),
(102, 26, '/plants/cryptocoryne_affinis_dark_orange/2.jpg', NULL, NOW(), NOW()),
(105, 27, '/plants/cryptocoryne_beckettii/1.jpg', NULL, NOW(), NOW()),
(106, 27, '/plants/cryptocoryne_beckettii/2.jpg', NULL, NOW(), NOW()),
(107, 27, '/plants/cryptocoryne_beckettii/3.jpg', NULL, NOW(), NOW()),
(108, 27, '/plants/cryptocoryne_beckettii/4.jpg', NULL, NOW(), NOW()),
(109, 28, '/plants/cryptocoryne_lucens/1.jpg', NULL, NOW(), NOW()),
(110, 28, '/plants/cryptocoryne_lucens/2.jpg', NULL, NOW(), NOW()),
(111, 28, '/plants/cryptocoryne_lucens/3.jpg', NULL, NOW(), NOW()),
(113, 29, '/plants/cryptocoryne_lutea/1.jpg', NULL, NOW(), NOW()),
(114, 29, '/plants/cryptocoryne_lutea/2.jpg', NULL, NOW(), NOW()),
(117, 30, '/plants/cryptocoryne_lutea_hobbit/1.jpg', NULL, NOW(), NOW()),
(118, 30, '/plants/cryptocoryne_lutea_hobbit/2.jpg', NULL, NOW(), NOW()),
(119, 30, '/plants/cryptocoryne_lutea_hobbit/3.jpg', NULL, NOW(), NOW()),
(120, 30, '/plants/cryptocoryne_lutea_hobbit/4.jpg', NULL, NOW(), NOW()),
(121, 31, '/plants/cryptocoryne_parva/1.jpg', NULL, NOW(), NOW()),
(122, 31, '/plants/cryptocoryne_parva/2.jpg', NULL, NOW(), NOW()),
(125, 32, '/plants/cryptocoryne_walkeri_var_legroi/1.jpg', NULL, NOW(), NOW()),
(129, 33, '/plants/cryptocoryne_wendtii_brown/1.jpg', NULL, NOW(), NOW()),
(130, 33, '/plants/cryptocoryne_wendtii_brown/2.jpg', NULL, NOW(), NOW()),
(131, 33, '/plants/cryptocoryne_wendtii_brown/3.jpg', NULL, NOW(), NOW()),
(133, 34, '/plants/cryptocoryne_wendtii_compact/1.jpg', NULL, NOW(), NOW()),
(134, 34, '/plants/cryptocoryne_wendtii_compact/2.jpg', NULL, NOW(), NOW()),
(135, 34, '/plants/cryptocoryne_wendtii_compact/3.jpg', NULL, NOW(), NOW()),
(137, 35, '/plants/cryptocoryne_wendtii_green/1.jpg', NULL, NOW(), NOW()),
(138, 35, '/plants/cryptocoryne_wendtii_green/2.jpg', NULL, NOW(), NOW()),
(139, 35, '/plants/cryptocoryne_wendtii_green/3.jpg', NULL, NOW(), NOW()),
(140, 35, '/plants/cryptocoryne_wendtii_green/4.jpg', NULL, NOW(), NOW()),
(141, 36, '/plants/echinodorus_argentinensis/1.jpg', NULL, NOW(), NOW()),
(142, 36, '/plants/echinodorus_argentinensis/2.jpg', NULL, NOW(), NOW()),
(143, 36, '/plants/echinodorus_argentinensis/3.jpg', NULL, NOW(), NOW()),
(144, 36, '/plants/echinodorus_argentinensis/4.jpg', NULL, NOW(), NOW()),
(145, 37, '/plants/echinodorus_cordifolius_harbich_red/1.jpg', NULL, NOW(), NOW()),
(146, 37, '/plants/echinodorus_cordifolius_harbich_red/2.jpg', NULL, NOW(), NOW()),
(147, 37, '/plants/echinodorus_cordifolius_harbich_red/3.jpg', NULL, NOW(), NOW()),
(149, 38, '/plants/echinodorus_cordifolius_mini/1.jpg', NULL, NOW(), NOW()),
(150, 38, '/plants/echinodorus_cordifolius_mini/2.jpg', NULL, NOW(), NOW()),
(153, 39, '/plants/echinodorus_green_chameleon/1.jpg', NULL, NOW(), NOW()),
(154, 39, '/plants/echinodorus_green_chameleon/2.jpg', NULL, NOW(), NOW()),
(155, 39, '/plants/echinodorus_green_chameleon/3.jpg', NULL, NOW(), NOW()),
(156, 39, '/plants/echinodorus_green_chameleon/4.jpg', NULL, NOW(), NOW()),
(157, 40, '/plants/echinodorus_grisebachii_bleherae/1.jpg', NULL, NOW(), NOW()),
(158, 40, '/plants/echinodorus_grisebachii_bleherae/2.jpg', NULL, NOW(), NOW()),
(159, 40, '/plants/echinodorus_grisebachii_bleherae/3.jpg', NULL, NOW(), NOW()),
(160, 40, '/plants/echinodorus_grisebachii_bleherae/4.jpg', NULL, NOW(), NOW()),
(161, 41, '/plants/echinodorus_grisebachii_tropica/1.jpg', NULL, NOW(), NOW()),
(162, 41, '/plants/echinodorus_grisebachii_tropica/2.jpg', NULL, NOW(), NOW()),
(165, 42, '/plants/echinodorus_ozelot/1.jpg', NULL, NOW(), NOW()),
(166, 42, '/plants/echinodorus_ozelot/2.jpg', NULL, NOW(), NOW()),
(167, 42, '/plants/echinodorus_ozelot/3.jpg', NULL, NOW(), NOW()),
(168, 42, '/plants/echinodorus_ozelot/4.jpg', NULL, NOW(), NOW()),
(169, 43, '/plants/echinodorus_python/1.jpg', NULL, NOW(), NOW()),
(170, 43, '/plants/echinodorus_python/2.jpg', NULL, NOW(), NOW()),
(171, 43, '/plants/echinodorus_python/3.jpg', NULL, NOW(), NOW()),
(173, 44, '/plants/echinodorus_red_chameleon/1.jpg', NULL, NOW(), NOW()),
(174, 44, '/plants/echinodorus_red_chameleon/2.jpg', NULL, NOW(), NOW()),
(175, 44, '/plants/echinodorus_red_chameleon/3.jpg', NULL, NOW(), NOW()),
(177, 45, '/plants/echinodorus_small_bear/1.jpg', NULL, NOW(), NOW()),
(178, 45, '/plants/echinodorus_small_bear/2.jpg', NULL, NOW(), NOW()),
(179, 45, '/plants/echinodorus_small_bear/3.jpg', NULL, NOW(), NOW()),
(181, 46, '/plants/echinodorus_spotted_harbich/1.jpg', NULL, NOW(), NOW()),
(182, 46, '/plants/echinodorus_spotted_harbich/2.jpg', NULL, NOW(), NOW()),
(185, 47, '/plants/egeria_densa_special/1.jpg', NULL, NOW(), NOW()),
(186, 47, '/plants/egeria_densa_special/2.jpg', NULL, NOW(), NOW()),
(189, 48, '/plants/egeria_densa_tropical/1.jpg', NULL, NOW(), NOW()),
(190, 48, '/plants/egeria_densa_tropical/2.jpg', NULL, NOW(), NOW()),
(193, 49, '/plants/eleocharis_acicularis/1.jpg', NULL, NOW(), NOW()),
(194, 49, '/plants/eleocharis_acicularis/2.jpg', NULL, NOW(), NOW()),
(195, 49, '/plants/eleocharis_acicularis/3.jpg', NULL, NOW(), NOW()),
(197, 50, '/plants/eleocharis_vivipara/1.jpg', NULL, NOW(), NOW()),
(198, 50, '/plants/eleocharis_vivipara/2.jpg', NULL, NOW(), NOW()),
(201, 51, '/plants/hemianthus_callitrichoides_cuba/1.jpg', NULL, NOW(), NOW()),
(202, 51, '/plants/hemianthus_callitrichoides_cuba/2.jpg', NULL, NOW(), NOW()),
(203, 51, '/plants/hemianthus_callitrichoides_cuba/3.jpg', NULL, NOW(), NOW()),
(205, 52, '/plants/hemianthus_glomeratus/1.jpg', NULL, NOW(), NOW()),
(206, 52, '/plants/hemianthus_glomeratus/2.jpg', NULL, NOW(), NOW()),
(207, 52, '/plants/hemianthus_glomeratus/3.jpg', NULL, NOW(), NOW()),
(208, 52, '/plants/hemianthus_glomeratus/4.jpg', NULL, NOW(), NOW()),
(209, 53, '/plants/hydrocotyle_leucocephala/1.jpg', NULL, NOW(), NOW()),
(210, 53, '/plants/hydrocotyle_leucocephala/2.jpg', NULL, NOW(), NOW()),
(211, 53, '/plants/hydrocotyle_leucocephala/3.jpg', NULL, NOW(), NOW()),
(213, 54, '/plants/hydrocotyle_tripartita/1.jpg', NULL, NOW(), NOW()),
(214, 54, '/plants/hydrocotyle_tripartita/2.jpg', NULL, NOW(), NOW()),
(215, 54, '/plants/hydrocotyle_tripartita/3.jpg', NULL, NOW(), NOW()),
(216, 54, '/plants/hydrocotyle_tripartita/4.jpg', NULL, NOW(), NOW()),
(217, 55, '/plants/hydrocotyle_verticillata/1.jpg', NULL, NOW(), NOW()),
(218, 55, '/plants/hydrocotyle_verticillata/2.jpg', NULL, NOW(), NOW()),
(219, 55, '/plants/hydrocotyle_verticillata/3.jpg', NULL, NOW(), NOW()),
(221, 56, '/plants/hygrophila_corymbosa/1.jpg', NULL, NOW(), NOW()),
(222, 56, '/plants/hygrophila_corymbosa/2.jpg', NULL, NOW(), NOW()),
(223, 56, '/plants/hygrophila_corymbosa/3.jpg', NULL, NOW(), NOW()),
(224, 56, '/plants/hygrophila_corymbosa/4.jpg', NULL, NOW(), NOW()),
(225, 57, '/plants/hygrophila_corymbosa_compact/1.jpg', NULL, NOW(), NOW()),
(226, 57, '/plants/hygrophila_corymbosa_compact/2.jpg', NULL, NOW(), NOW()),
(227, 57, '/plants/hygrophila_corymbosa_compact/3.jpg', NULL, NOW(), NOW()),
(229, 58, '/plants/hygrophila_corymbosa_stricta/1.jpg', NULL, NOW(), NOW()),
(230, 58, '/plants/hygrophila_corymbosa_stricta/2.jpg', NULL, NOW(), NOW()),
(231, 58, '/plants/hygrophila_corymbosa_stricta/3.jpg', NULL, NOW(), NOW()),
(233, 59, '/plants/hygrophila_corymbosa_thailand/1.jpg', NULL, NOW(), NOW()),
(234, 59, '/plants/hygrophila_corymbosa_thailand/2.jpg', NULL, NOW(), NOW()),
(235, 59, '/plants/hygrophila_corymbosa_thailand/3.jpg', NULL, NOW(), NOW()),
(237, 60, '/plants/hygrophila_costata/1.jpg', NULL, NOW(), NOW()),
(238, 60, '/plants/hygrophila_costata/2.jpg', NULL, NOW(), NOW()),
(241, 61, '/plants/hygrophila_pinnatifida/1.jpg', NULL, NOW(), NOW()),
(242, 61, '/plants/hygrophila_pinnatifida/2.jpg', NULL, NOW(), NOW()),
(243, 61, '/plants/hygrophila_pinnatifida/3.jpg', NULL, NOW(), NOW()),
(244, 61, '/plants/hygrophila_pinnatifida/4.jpg', NULL, NOW(), NOW()),
(245, 62, '/plants/hygrophila_polysperma/1.jpg', NULL, NOW(), NOW()),
(246, 62, '/plants/hygrophila_polysperma/2.jpg', NULL, NOW(), NOW()),
(247, 62, '/plants/hygrophila_polysperma/3.jpg', NULL, NOW(), NOW()),
(248, 62, '/plants/hygrophila_polysperma/4.jpg', NULL, NOW(), NOW()),
(249, 63, '/plants/hygrophila_polysperma_sunset/1.jpg', NULL, NOW(), NOW()),
(250, 63, '/plants/hygrophila_polysperma_sunset/2.jpg', NULL, NOW(), NOW()),
(251, 63, '/plants/hygrophila_polysperma_sunset/3.jpg', NULL, NOW(), NOW()),
(253, 64, '/plants/lagenandra_meeboldii_red/1.jpg', NULL, NOW(), NOW()),
(254, 64, '/plants/lagenandra_meeboldii_red/2.jpg', NULL, NOW(), NOW()),
(255, 64, '/plants/lagenandra_meeboldii_red/3.jpg', NULL, NOW(), NOW()),
(261, 66, '/plants/lilaeopsis_mauritiana/1.jpg', NULL, NOW(), NOW()),
(265, 67, '/plants/limnophila_hippuridoides/1.jpg', NULL, NOW(), NOW()),
(266, 67, '/plants/limnophila_hippuridoides/2.jpg', NULL, NOW(), NOW()),
(267, 67, '/plants/limnophila_hippuridoides/3.jpg', NULL, NOW(), NOW()),
(268, 67, '/plants/limnophila_hippuridoides/4.jpg', NULL, NOW(), NOW()),
(269, 68, '/plants/limnophila_sessiliflora/1.jpg', NULL, NOW(), NOW()),
(270, 68, '/plants/limnophila_sessiliflora/2.jpg', NULL, NOW(), NOW()),
(271, 68, '/plants/limnophila_sessiliflora/3.jpg', NULL, NOW(), NOW()),
(272, 68, '/plants/limnophila_sessiliflora/4.jpg', NULL, NOW(), NOW()),
(273, 69, '/plants/lobelia_cardinalis/1.jpg', NULL, NOW(), NOW()),
(274, 69, '/plants/lobelia_cardinalis/2.jpg', NULL, NOW(), NOW()),
(275, 69, '/plants/lobelia_cardinalis/3.jpg', NULL, NOW(), NOW()),
(276, 69, '/plants/lobelia_cardinalis/4.jpg', NULL, NOW(), NOW()),
(277, 70, '/plants/lobelia_cardinalis_mini/1.jpg', NULL, NOW(), NOW()),
(278, 70, '/plants/lobelia_cardinalis_mini/2.jpg', NULL, NOW(), NOW()),
(279, 70, '/plants/lobelia_cardinalis_mini/3.jpg', NULL, NOW(), NOW()),
(280, 70, '/plants/lobelia_cardinalis_mini/4.jpg', NULL, NOW(), NOW()),
(281, 71, '/plants/ludwigia_glandulosa/1.jpg', NULL, NOW(), NOW()),
(282, 71, '/plants/ludwigia_glandulosa/2.jpg', NULL, NOW(), NOW()),
(283, 71, '/plants/ludwigia_glandulosa/3.jpg', NULL, NOW(), NOW()),
(284, 71, '/plants/ludwigia_glandulosa/4.jpg', NULL, NOW(), NOW()),
(285, 72, '/plants/ludwigia_palustris_green/1.jpg', NULL, NOW(), NOW()),
(286, 72, '/plants/ludwigia_palustris_green/2.jpg', NULL, NOW(), NOW()),
(289, 73, '/plants/ludwigia_palustris_super_red/1.jpg', NULL, NOW(), NOW()),
(290, 73, '/plants/ludwigia_palustris_super_red/2.jpg', NULL, NOW(), NOW()),
(291, 73, '/plants/ludwigia_palustris_super_red/3.jpg', NULL, NOW(), NOW()),
(293, 74, '/plants/ludwigia_repens_rubin/1.jpg', NULL, NOW(), NOW()),
(294, 74, '/plants/ludwigia_repens_rubin/2.jpg', NULL, NOW(), NOW()),
(295, 74, '/plants/ludwigia_repens_rubin/3.jpg', NULL, NOW(), NOW()),
(296, 74, '/plants/ludwigia_repens_rubin/4.jpg', NULL, NOW(), NOW()),
(297, 75, '/plants/lysimachia_nummularia_aurea/1.jpg', NULL, NOW(), NOW()),
(298, 75, '/plants/lysimachia_nummularia_aurea/2.jpg', NULL, NOW(), NOW()),
(299, 75, '/plants/lysimachia_nummularia_aurea/3.jpg', NULL, NOW(), NOW()),
(301, 76, '/plants/micranthemum_umbrosum/1.jpg', NULL, NOW(), NOW()),
(302, 76, '/plants/micranthemum_umbrosum/2.jpg', NULL, NOW(), NOW()),
(303, 76, '/plants/micranthemum_umbrosum/3.jpg', NULL, NOW(), NOW()),
(304, 76, '/plants/micranthemum_umbrosum/4.jpg', NULL, NOW(), NOW()),
(305, 77, '/plants/microsorum_pteropus/1.jpg', NULL, NOW(), NOW()),
(306, 77, '/plants/microsorum_pteropus/2.jpg', NULL, NOW(), NOW()),
(307, 77, '/plants/microsorum_pteropus/3.jpg', NULL, NOW(), NOW()),
(308, 77, '/plants/microsorum_pteropus/4.jpg', NULL, NOW(), NOW()),
(309, 78, '/plants/microsorum_pteropus_narrow_leaf/1.jpg', NULL, NOW(), NOW()),
(310, 78, '/plants/microsorum_pteropus_narrow_leaf/2.jpg', NULL, NOW(), NOW()),
(311, 78, '/plants/microsorum_pteropus_narrow_leaf/3.jpg', NULL, NOW(), NOW()),
(312, 78, '/plants/microsorum_pteropus_narrow_leaf/4.jpg', NULL, NOW(), NOW()),
(313, 79, '/plants/microsorum_pteropus_trident/1.jpg', NULL, NOW(), NOW()),
(314, 79, '/plants/microsorum_pteropus_trident/2.jpg', NULL, NOW(), NOW()),
(315, 79, '/plants/microsorum_pteropus_trident/3.jpg', NULL, NOW(), NOW()),
(316, 79, '/plants/microsorum_pteropus_trident/4.jpg', NULL, NOW(), NOW()),
(317, 80, '/plants/persicaria_sp_sao_paulo/1.jpg', NULL, NOW(), NOW()),
(318, 80, '/plants/persicaria_sp_sao_paulo/2.jpg', NULL, NOW(), NOW()),
(319, 80, '/plants/persicaria_sp_sao_paulo/3.jpg', NULL, NOW(), NOW()),
(321, 81, '/plants/pogostemon_deccanensis/1.jpg', NULL, NOW(), NOW()),
(322, 81, '/plants/pogostemon_deccanensis/2.jpg', NULL, NOW(), NOW()),
(323, 81, '/plants/pogostemon_deccanensis/3.jpg', NULL, NOW(), NOW()),
(325, 82, '/plants/pogostemon_helferi/1.jpg', NULL, NOW(), NOW()),
(326, 82, '/plants/pogostemon_helferi/2.jpg', NULL, NOW(), NOW()),
(327, 82, '/plants/pogostemon_helferi/3.jpg', NULL, NOW(), NOW()),
(328, 82, '/plants/pogostemon_helferi/4.jpg', NULL, NOW(), NOW()),
(329, 83, '/plants/pogostemon_quadrifolius/1.jpg', NULL, NOW(), NOW()),
(330, 83, '/plants/pogostemon_quadrifolius/2.jpg', NULL, NOW(), NOW()),
(331, 83, '/plants/pogostemon_quadrifolius/3.jpg', NULL, NOW(), NOW()),
(333, 84, '/plants/pogostemon_stellatus_sp/1.jpg', NULL, NOW(), NOW()),
(334, 84, '/plants/pogostemon_stellatus_sp/2.jpg', NULL, NOW(), NOW()),
(335, 84, '/plants/pogostemon_stellatus_sp/3.jpg', NULL, NOW(), NOW()),
(336, 84, '/plants/pogostemon_stellatus_sp/4.jpg', NULL, NOW(), NOW()),
(337, 85, '/plants/rotala_rotundifolia_laos/1.jpg', NULL, NOW(), NOW()),
(338, 85, '/plants/rotala_rotundifolia_laos/2.jpg', NULL, NOW(), NOW()),
(341, 86, '/plants/rotala_rotundifolia_orange_juice/1.jpg', NULL, NOW(), NOW()),
(342, 86, '/plants/rotala_rotundifolia_orange_juice/2.jpg', NULL, NOW(), NOW()),
(343, 86, '/plants/rotala_rotundifolia_orange_juice/3.jpg', NULL, NOW(), NOW()),
(345, 87, '/plants/rotala_rotundifolia_sp_hra/1.jpg', NULL, NOW(), NOW()),
(346, 87, '/plants/rotala_rotundifolia_sp_hra/2.jpg', NULL, NOW(), NOW()),
(347, 87, '/plants/rotala_rotundifolia_sp_hra/3.jpg', NULL, NOW(), NOW()),
(348, 87, '/plants/rotala_rotundifolia_sp_hra/4.jpg', NULL, NOW(), NOW()),
(349, 88, '/plants/sagittaria_subulata_var_pusilla/1.jpg', NULL, NOW(), NOW()),
(350, 88, '/plants/sagittaria_subulata_var_pusilla/2.jpg', NULL, NOW(), NOW()),
(351, 88, '/plants/sagittaria_subulata_var_pusilla/3.jpg', NULL, NOW(), NOW()),
(352, 88, '/plants/sagittaria_subulata_var_pusilla/4.jpg', NULL, NOW(), NOW()),
(353, 89, '/plants/schismatoglottis_prietoi/1.jpg', NULL, NOW(), NOW()),
(354, 89, '/plants/schismatoglottis_prietoi/2.jpg', NULL, NOW(), NOW()),
(357, 90, '/plants/staurogyne_repens/1.jpg', NULL, NOW(), NOW()),
(358, 90, '/plants/staurogyne_repens/2.jpg', NULL, NOW(), NOW()),
(359, 90, '/plants/staurogyne_repens/3.jpg', NULL, NOW(), NOW()),
(360, 90, '/plants/staurogyne_repens/4.jpg', NULL, NOW(), NOW()),
(361, 91, '/plants/vallisneria_australis_gigantea/1.jpg', NULL, NOW(), NOW()),
(362, 91, '/plants/vallisneria_australis_gigantea/2.jpg', NULL, NOW(), NOW()),
(363, 91, '/plants/vallisneria_australis_gigantea/3.jpg', NULL, NOW(), NOW()),
(365, 92, '/plants/vallisneria_spiralis/1.jpg', NULL, NOW(), NOW()),
(366, 92, '/plants/vallisneria_spiralis/2.jpg', NULL, NOW(), NOW());
